{
  "UK_1947_Ivan_Cherniatynskyi_Kolhosp_tvaryn": {
    "mtld": 373.6449152570403,
    "mattr": 0.8526250368684953,
    "hdd": 0.93951845996751,
    "ttr": 0.3151644847264183,
    "n_words": 23832,
    "n_types": 7511,
    "hapax_count": 4980,
    "hapax_ratio": 0.21099012837351183,
    "hapax_type_pct": 0.6744312026002167,
    "top100_concentration": 0.3828326907596492
  },
  "UK_1984_Iryna_Dybko_Khutir_tvaryn": {
    "mtld": 263.66115291782194,
    "mattr": 0.8307025602108878,
    "hdd": 0.9376882613427767,
    "ttr": 0.27613781031190326,
    "n_words": 25136,
    "n_types": 6941,
    "hapax_count": 4332,
    "hapax_ratio": 0.17107653423900165,
    "hapax_type_pct": 0.6324087591240876,
    "top100_concentration": 0.39890214043124556
  },
  "UK_1991_Oleksii_Drozdovskyi_Skotoferma": {
    "mtld": 379.0994115914018,
    "mattr": 0.8591415521829822,
    "hdd": 0.9432767426507094,
    "ttr": 0.3102669772442215,
    "n_words": 27905,
    "n_types": 8658,
    "hapax_count": 5782,
    "hapax_ratio": 0.20522467523248386,
    "hapax_type_pct": 0.6751517982251285,
    "top100_concentration": 0.36934762547029176
  },
  "UK_1991_Yurii_Shevchuk_Ferma_rai_dlia_tvaryn": {
    "mtld": 359.8536852688649,
    "mattr": 0.851967298578199,
    "hdd": 0.9380928157282828,
    "ttr": 0.334166705976697,
    "n_words": 21199,
    "n_types": 7084,
    "hapax_count": 4915,
    "hapax_ratio": 0.2329383886255924,
    "hapax_type_pct": 0.702544311034877,
    "top100_concentration": 0.3833175355450237
  },
  "UK_1992_Natalia_Okolitenko_Skotokhutir": {
    "mtld": 385.09776963956705,
    "mattr": 0.8579986413753462,
    "hdd": 0.941854197404638,
    "ttr": 0.3413391557496361,
    "n_words": 19236,
    "n_types": 6566,
    "hapax_count": 4475,
    "hapax_ratio": 0.23094390256489652,
    "hapax_type_pct": 0.6888854679802956,
    "top100_concentration": 0.3759611911028539
  },
  "UK_2020_Bohdana_Nosenok_Kolhosp_tvaryn": {
    "mtld": 412.7819110324702,
    "mattr": 0.8675389232789346,
    "hdd": 0.9461802378691697,
    "ttr": 0.3306259627503151,
    "n_words": 21423,
    "n_types": 7083,
    "hapax_count": 4781,
    "hapax_ratio": 0.22093345656192237,
    "hapax_type_pct": 0.6819283982313508,
    "top100_concentration": 0.36437153419593343
  },
  "UK_2021_Viacheslav_Stelmakh_Kolhosp_tvaryn": {
    "mtld": 350.7828034602414,
    "mattr": 0.8540693222548061,
    "hdd": 0.9419984946026694,
    "ttr": 0.28964342217354266,
    "n_words": 24651,
    "n_types": 7140,
    "hapax_count": 4659,
    "hapax_ratio": 0.18719864995178398,
    "hapax_type_pct": 0.6595413363533409,
    "top100_concentration": 0.38737544198007073
  },
  "gpt_5_2": {
    "mtld": 328.4043190153564,
    "mattr": 0.8490791163058397,
    "hdd": 0.9402863180551205,
    "ttr": 0.30243321872520496,
    "n_words": 22686,
    "n_types": 6861,
    "hapax_count": 4412,
    "hapax_ratio": 0.1933900236696765,
    "hapax_type_pct": 0.655961938745168,
    "top100_concentration": 0.38625405452792144
  },
  "lapa_translations_combine": {
    "mtld": 302.51822667535646,
    "mattr": 0.8432067368421052,
    "hdd": 0.9372338491082326,
    "ttr": 0.2781248689672523,
    "n_words": 23849,
    "n_types": 6633,
    "hapax_count": 4180,
    "hapax_ratio": 0.17533557046979867,
    "hapax_type_pct": 0.6405148636224334,
    "top100_concentration": 0.3976510067114094
  },
  "deepl": {
    "mtld": 301.16609873468957,
    "mattr": 0.8399562869632297,
    "hdd": 0.9350748214691096,
    "ttr": 0.28195280160457475,
    "n_words": 23433,
    "n_types": 6607,
    "hapax_count": 4104,
    "hapax_ratio": 0.17640232108317214,
    "hapax_type_pct": 0.6367726920093095,
    "top100_concentration": 0.3969911884805502
  },
  "_group_mtld": {
    "ai_mean": 310.69621480846746,
    "ai_std": 15.350562805431958,
    "human_mean": 376.87674937493097,
    "human_std": 21.646383124659188
  },
  "_group_mattr": {
    "ai_mean": 0.8440807133703915,
    "ai_std": 0.004623784168037365,
    "human_mean": 0.8572234624231272,
    "human_std": 0.005820826050487271
  },
  "_group_hapax_ratio": {
    "ai_mean": 0.1817093050742158,
    "ai_std": 0.01012985090697488,
    "human_mean": 0.21470486688503185,
    "human_std": 0.01729293618906507
  },
  "_group_top100_concentration": {
    "ai_mean": 0.3936320832399603,
    "ai_std": 0.0063980716455191745,
    "human_mean": 0.37720100317563715,
    "human_std": 0.008949357830756881
  }
}